"filename","title","description","feature","topic","role","level"
"./metadata.md","","this is the metadata required for AEMaaCS documentation pages","","","",""
"./help/onboarding/TOC.md","","","Deploying","","Architect, Developer",""
"./help/onboarding/home.md","Onboarding for Adobe Experience Manager as a Cloud Service","Adobe Experience Manager as a Cloud Service onboarding self-help resources and documentation links","","","",""
"help/onboarding/what-is-required/access-rights-granted.md","Access Rights Granted - What Is Required","Access Rights Granted - What Is Required","","","",""
"help/onboarding/what-is-required/role-based-permissions.md","Role Based Permissions","Role Based Permissions","","","",""
"help/onboarding/what-is-required/source-code-repository.md","Source Code Repository - Cloud Services","Source Code Repository - Cloud Services","","","",""
"help/onboarding/getting-access-to-aem-in-cloud/navigation.md","Getting Access to Cloud Manager for AEM as a Cloud Service","Getting Access to Cloud Manager for AEM as a Cloud Service","","","",""
"help/onboarding/getting-access-to-aem-in-cloud/first-time-login.md","Cloud Manager Homepage","Cloud Manager Homepage","","","",""
"help/onboarding/getting-access-to-aem-in-cloud/understand-program-types.md","Understanding Program and Program Types","Understanding Program and Program Types - Cloud Services","","","",""
"./help/onboarding/getting-access-to-aem-in-cloud/introduction-production-programs.md","Introduction to Production Programs ","Introduction to Production Programs ","","","",""
"help/onboarding/getting-access-to-aem-in-cloud/creating-production-program.md","Creating a Production Program ","Creating a Production Program ","","","",""
"./help/onboarding/getting-access-to-aem-in-cloud/editing-production-program.md","Editing a Production Program ","Editing a Production Program ","","","",""
"help/onboarding/getting-access-to-aem-in-cloud/introduction-sandbox-programs.md","Introduction to Sandbox Programs ","Introduction to Sandbox Programs ","","","",""
"help/onboarding/getting-access-to-aem-in-cloud/creating-sandbox-program.md","Creating a Sandbox Program ","Creating a Sandbox Program ","","","",""
"./help/onboarding/getting-access-to-aem-in-cloud/editing-sandbox-program.md","Editing a Sandbox Program ","Editing a Sandbox Program ","","","",""
"help/onboarding/getting-access-to-aem-in-cloud/deleting-sandbox-program.md","Deleting a Sandbox Program ","Deleting a Sandbox Program ","","","",""
"./help/onboarding/getting-access-to-aem-in-cloud/hibernating-de-hibernating-sandbox-environments.md","Hibernating and De-hibernating Sandbox Environments ","Hibernating and De-hibernating Sandbox Environments ","","","",""
"help/onboarding/getting-access-to-aem-in-cloud/using-the-wizard.md","Using the Wizard","Using the Wizard - Cloud Services","","","",""
"help/onboarding/getting-access-to-aem-in-cloud/setting-up-project.md","Project Set up Details","Project Set up Details - Cloud Services","","","",""
"help/onboarding/getting-access-to-aem-in-cloud/build-environment-details.md","Build Environment Details","Build Environment Details - Cloud Services","","","",""
"./help/onboarding/release-notes-cloud-manager/release-notes-cm-current.md","Release Notes for Cloud Manager in AEM as a Cloud Service Release 2021.3.0","Release Notes for Cloud Manager in AEM as a Cloud Service Release 2021.3.0","Release Information","","",""
"./help/onboarding/release-notes-cloud-manager/release-notes-cm-2021-2-0.md","Release Notes for Cloud Manager in AEM as a Cloud Service Release 2021.2.0","Release Notes for Cloud Manager in AEM as a Cloud Service Release 2021.2.0","","","",""
"./help/onboarding/release-notes-cloud-manager/release-notes-cm-2021-1-0.md","Release Notes for Cloud Manager in AEM as a Cloud Service Release 2021.1.0","Release Notes for Cloud Manager in AEM as a Cloud Service Release 2021.1.0","Release Information","","",""
"./help/onboarding/release-notes-cloud-manager/release-notes-cm-2020-12-0.md","Release Notes for Cloud Manager in AEM as a Cloud Service Release 2020.12.0","Release Notes for Cloud Manager in AEM as a Cloud Service Release 2020.12.0","Release Information","","",""
"./help/onboarding/release-notes-cloud-manager/release-notes-cm-2020-11-0.md","Release Notes for Cloud Manager in AEM as a Cloud Service Release 2020.11.0","Release Notes for Cloud Manager in AEM as a Cloud Service Release 2020.11.0","Release Information","","",""
"./help/onboarding/release-notes-cloud-manager/release-notes-cm-2020-10-0.md","Release Notes for Cloud Manager in AEM as a Cloud Service Release 2020.10.0","Release Notes for Cloud Manager in AEM as a Cloud Service Release 2020.10.0","Release Information","","",""
"./help/onboarding/release-notes-cloud-manager/release-notes-cm-2020-9-0.md","Release Notes for Cloud Manager in AEM as a Cloud Service Release 2020.9.0","Release Notes for Cloud Manager in AEM as a Cloud Service Release 2020.9.0","Release Information","","",""
"./help/onboarding/release-notes-cloud-manager/release-notes-cm-2020-8-0.md","Release Notes for Cloud Manager in AEM as a Cloud Service Release 2020.8.0","Release Notes for Cloud Manager in AEM as a Cloud Service Release 2020.8.0","Release Information","","",""
"./help/onboarding/release-notes-cloud-manager/release-notes-cm-2020-7-0.md","Release Notes for Cloud Manager in AEM as a Cloud Service Release 2020.7.0","Release Notes for Cloud Manager in AEM as a Cloud Service Release 2020.7.0","Release Information","","",""
"./help/onboarding/release-notes-cloud-manager/release-notes-cm-2020-6-0.md","Release Notes for Cloud Manager in AEM as a Cloud Service Release 2020.6.0","Release Notes for Cloud Manager in AEM as a Cloud Service Release 2020.6.0","Release Information","","",""
"./help/onboarding/release-notes-cloud-manager/release-notes-cm-2020-5-0.md","Release Notes for Cloud Manager in AEM as a Cloud Service Release 2020.5.0","Release Notes for Cloud Manager in AEM as a Cloud Service Release 2020.5.0","Release Information","","",""
"./help/onboarding/release-notes-cloud-manager/release-notes-cm-2020-4-0.md","Release Notes for Cloud Manager in AEM as a Cloud Service Release 2020.4.0","Release Notes for Cloud Manager in AEM as a Cloud Service Release 2020.4.0","Release Information","","",""
"./help/onboarding/release-notes-cloud-manager/release-notes-cm-2020-3-0.md","Release Notes for Cloud Manager in AEM as a Cloud Service Release 2020.3.0","Release Notes for Cloud Manager in AEM as a Cloud Service Release 2020.3.0","Release Information","","",""
"./help/onboarding/release-notes-cloud-manager/release-notes-cm-2020-2-0.md","Release Notes for Cloud Manager in AEM as a Cloud Service Release 2020.2.0","Release Notes for Cloud Manager in AEM as a Cloud Service Release 2020.2.0","Release Information","","",""
"help/onboarding/getting-access-to-aem-in-cloud/roles-responsibilities.md","Roles and Responsibilities","Roles and Responsibilities","","","",""
"help/onboarding/data-privacy-and-protection-readiness/aem-readiness.md","Data Protection and Data Privacy Regulations - Adobe Experience Manager as a Cloud Service Readiness","Learn about Adobe Experience Manager as a Cloud Service support for the various Data Protection and Data Privacy Regulations; including the EU General Data Protection Regulation (GDPR), the California Consumer Privacy Act and how to comply when implementing a new AEM as a Cloud Service project. ","","","",""
"help/onboarding/data-privacy-and-protection-readiness/foundation-readiness.md","Data Protection and Data Privacy Regulations - Adobe Experience Manager as a Cloud Service Foundation Readiness","Learn about Adobe Experience Manager as a Cloud Service Foundation support for the various Data Protection and Data Privacy Regulations; including the EU General Data Protection Regulation (GDPR), the California Consumer Privacy Act and how to comply when implementing a new AEM as a Cloud Service project. ","","","",""
"help/onboarding/data-privacy-and-protection-readiness/sites-readiness.md","Data Protection and Data Privacy Regulations - Adobe Experience Manager as a Cloud Service Sites Readiness","Learn about Adobe Experience Manager as a Cloud Service Sites support for the various Data Protection and Data Privacy Regulations; including the EU General Data Protection Regulation (GDPR), the California Consumer Privacy Act and how to comply when implementing a new AEM as a Cloud Service project. ","","","",""
"help/onboarding/accessibility/web-accessibility.md","Adobe Experience Manager as a Cloud Service and the Web Accessibility Guidelines","An Introduction to Adobe Experience Manager as a Cloud Service and the Web Accessibility Guidelines","","","",""
"help/onboarding/accessibility/quick-guide-wcag.md","A Quick Guide to WCAG 2.1","A Quick Guide to WCAG 2.1","","","",""
"help/onboarding/migration-methodology/getting-started.md","Migration to Experience Manager as a Cloud Service","Migration to Experience Manager as a Cloud Service","","","",""
"help/onboarding/best-practices/seo-and-url-management.md","SEO and URL Management Best Practices for Adobe Experience Manager as a Cloud Service","SEO and URL Management Best Practices for Adobe Experience Manager as a Cloud Service","","","",""
"help/onboarding/best-practices/assessing-kpis.md","Accessing KPIs","Accessing KPIs","","","",""
"help/onboarding/best-practices/aligning-kpis.md","Aligning KPIs","Aligning KPIs","","","",""
"help/onboarding/best-practices/choose-right-team.md","Right People, right roles","Right People, right roles","","","",""
"help/onboarding/tools-consoles.md","Tools Consoles","Learn about the different tools consoles throughout AEM.","","","",""
